binders\1996 Hearing Officer.pdf,Hearing Officer,1996,1996 Hearing Officer,CB201,16
binders\1996-07 to 1996-12 BZA.pdf,Board of Zoning Appeals,1996,1996-07 Thru 1996-12 BZA Meeting Packets & Minutes,CB201,16
binders\1996-01 to 1996-06 BZA.pdf,Board of Zoning Appeals,1996,1996-01 Thru 1996-06 BZA Meeting Packets & Minutes,CB201,16
binders\1995-01 to 1995-06 BZA.pdf,Board of Zoning Appeals,1995,1995-01 Thru 1995-06  BZA Meeting Packets & Minutes,CB201,16
binders\1997-01 to 1997-06 BZA.pdf,Board of Zoning Appeals,1997,1997-01 Thru 1997-06 BZA Packets & Minutes,CB202,16
binders\1997-07 to 1997-12 BZA.pdf,Board of Zoning Appeals,1997,1997-07 Thru 1997-12 BZA Packets & Minutes,CB202,16
binders\1997 Hearing Officer.pdf,Hearing Officer,1997,1997 Hearing Officer,CB202,16
binders\1998-01 to 1998-06 BZA.pdf,Board of Zoning Appeals,1998,1998-01 Thru 1998-06 BZA Packets & Minutes,CB202,16
binders\1999 Hearing Officer.pdf,Hearing Officer,1999,1999 Hearing Officer Packets & Minutes,CB203,16
binders\1998 Hearing Officer.pdf,Hearing Officer,1998,1998 Hearing Officer,CB203,16
binders\1999-01 to 1999-06 BZA.pdf,Board of Zoning Appeals,1999,1999-01 Thru 1999-06 BZA Packets & Minutes,CB203,16
binders\1998-07 to 1998-12 BZA.pdf,Board of Zoning Appeals,1998,1998-07 Thru 1998-12 BZA Packets & Minutes,CB203,16
binders\1999-07 to 1999-12 BZA.pdf,Board of Zoning Appeals,1999,1999-07 Thru 1999-12 BZA Packets & Minutes,CB204,16
binders\2000 Hearing Officer.pdf,Hearing Officer,2000,2000 Hearing Officer Packets & Minutes,CB204,16
binders\2000-01 to 2000-06 BZA.pdf,Board of Zoning Appeals,2000,2000-01 Thru 2000-06 BZA Packets & Minutes,CB204,16
binders\2000-07 to 2000-12 BZA.pdf,Board of Zoning Appeals,2000,2000-07 Thru 2000-12 BZA Packets & Minutes,CB204,16
binders\2001-01 to 2001-06 BZA.pdf,Board of Zoning Appeals,2001,2001-01 Thru 2001-06 BZA Packets & Minutes,CB205,16
binders\2001-07 to 2001-12 BZA.pdf,Board of Zoning Appeals,2001,2001-07 Thru 2001-12 BZA Packets & Minutes,CB205,16
binders\2001 Hearing Officer.pdf,Hearing Officer,2001,2001 Hearing Officer Packets & Minutes,CB205,16
binders\2002 BZA.pdf,Board of Zoning Appeals,2002,2002-01 Thru 2002-12 BZA Packets & Minutes,CB205,16
binders\2002 Hearing Officer.pdf,Hearing Officer,2002,2002 Hearing Officer Packets & Minutes,CB206,16
binders\2003 Hearing Officer.pdf,Hearing Officer,2003,2003-01 Thru 2003-12 Hearing Officer Packets & Minutes,CB206,16
binders\2003 BZA.pdf,Board of Zoning Appeals,2003,2003-01 Thru 2003-12 BZA Packets & Minutes,CB206,16
binders\2004 BZA.pdf,Board of Zoning Appeals,2004,2004-01 Thru 2004-12 BZA Packets & Minutes,CB206,16
binders\2004 Hearing Officer.pdf,Hearing Officer,2004,2004-01 Thru 2004-12 Hearing Officer,CB207,16
binders\2005 BZA.pdf,Board of Zoning Appeals,2005,2005-01 Thru 2005-12 BZA Packets & Minutes,CB207,16
binders\2005 Hearing Officer.pdf,Hearing Officer,2005,2005-01 Thru 2005-12 Hearing Officer Packets & Minutes,CB207,16
binders\2006 Hearing Officer.pdf,Hearing Officer,2006,2006-01 Thru 2006-12 Hearing Officer Packets & Minutes,CB207,16
binders\2006 BZA.pdf,Board of Zoning Appeals,2006,2006-01 Thru 2006-12 BZA Packets & Minutes,CB207,16
binders\2007 BZA.pdf,Board of Zoning Appeals,2007,2007-01 BZA Packets & Minutes,CB208,16
binders\2007 Hearing Officer.pdf,Hearing Officer,2007,2007-01 Thru 2007-12 Hearing Officer Packets & Minutes,CB208,16
binders\1995 Hearing Officer.pdf,Hearing Officer,2007,1995 Hearing Officer,CB208,16
binders\2009 Hearing Officer.pdf,Hearing Officer,2009,2009 Hearing Officer Packets & Minutes,CB208,16
binders\2009 BZA.pdf,Board of Zoning Appeals,2009,2009 BZA Packets & Minutes,CB208,16
binders\2010 Hearing Officer.pdf,Hearing Officer,2010,2010 Hearing Officer Packets & Minutes,CB209,16
binders\2010 BZA.pdf,Board of Zoning Appeals,2010,2010 BZA Packets & Minutes,CB209,16
binders\2011 BZA.pdf,Board of Zoning Appeals,2011,2011 BZA Packets & Minutes,CB209,16
binders\2011 Hearing Officer.pdf,Hearing Officer,2011,2011 Hearing Officer H.O. Packets Minutes,CB209,16
binders\2012 Hearing Officer.pdf,Hearing Officer,2012,2012 HO Packets & Minutes,CB209,16
binders\2012 BZA.pdf,Board of Zoning Appeals,2012,2012 BZA Packets & Minutes,CB210,16
binders\2013 Hearing Officer.pdf,Hearing Officer,2013,2013 HO Packets & Minutes,CB210,16
binders\2013 BZA.pdf,Board of Zoning Appeals,2013,2013 BZA Packets & Minutes,CB210,16
binders\2014 BZA.pdf,Board of Zoning Appeals,2014,2014 BZA Packets & Minutes,CB210,16
binders\2014 Hearing Officer.pdf,Hearing Officer,2014,2014 HO Packets & Minutes,CB210,16
binders\2015 BZA.pdf,Board of Zoning Appeals,2015,2015 BZA Minutes,CB210,16
binders\2015 Hearing Officer.pdf,Hearing Officer,2015,2015 HO Minutes,CB210,16
binders\2016 BZA.pdf,Board of Zoning Appeals,2016,2016 BZA Minutes,CB211,16
binders\2016 Hearing Officer.pdf,Hearing Officer,2016,2016 HO Minutes,CB211,16
binders\2017 Hearing Officer.pdf,Hearing Officer,2017,2017 HO Minutes,CB211,16
binders\2017 BZA.pdf,Board of Zoning Appeals,2017,2017 BZA Minutes,CB211,16
binders\2018 BZA.pdf,Board of Zoning Appeals,2018,2018 BZA Minutes,CB211,16
binders\2018 Hearing Officer.pdf,Hearing Officer,2018,2018 HO Minutes,CB211,16
binders\1995 Plat Committee.pdf,Plat Committee,1995,1995 Plat Committee Packets & Minutes,CB211,16
binders\1996 Plat Committee.pdf,Plat Committee,1996,1996 Plat Committee Packets & Minutes,CB211,16
binders\1997 Plat Committee.pdf,Plat Committee,1997,1997 Plat Committee Packets & Minutes,CB212,16
binders\1998 Plat Committee.pdf,Plat Committee,1998,1998 Plat Committee Packets & Minutes,CB212,16
binders\1999 Plat Committee.pdf,Plat Committee,1999,1999 Plat Committee Packets And Minutes,CB212,16
binders\2000 Plat Committee.pdf,Plat Committee,2000,2000 Plat Committee Packets & Minutes,CB212,16
binders\2001 Plat Committee.pdf,Plat Committee,2001,2001 Plat Committee Packets Minutes And Vote Sheets,CB212,16
binders\2002 Plat Committee.pdf,Plat Committee,2002,2002 Plat Committee Packets & Minutes,CB213,16
binders\2003 Plat Committee.pdf,Plat Committee,2003,2003 Plat Committee Packets & Minutes,CB213,16
binders\2003 Plan Commission.pdf,Plan Commission,2003,2003 Plan Commission Minutes,CB213,16
binders\2004 Plat Committee.pdf,Plat Committee,2004,2004 Plat Committee Packets & Minutes,CB213,16
binders\2005 Plat Committee.pdf,Plat Committee,2005,2005 Plat Committee Packets & Minutes,CB213,16
binders\2006 Plat Committee.pdf,Plat Committee,2006,2006 Plat Committee,CB213,16
binders\2007 Plat Committee.pdf,Plat Committee,2007,2007 Plat Committee,CB213,16
binders\2008 Plat Committee.pdf,Plat Committee,2008,2008 Plat Committee,CB213,16
binders\2011 Plat Committee.pdf,Plat Committee,2011,2011 Plat Committee Packets & Minutes,CB214,16
binders\2010 Plat Committee.pdf,Plat Committee,2010,2010 Plat Committee Packets & Minutes,CB214,16
binders\2009 Plat Committee.pdf,Plat Committee,2009,2009 Plat Committee Packets & Minutes,CB214,16
binders\2012 Plat Committee.pdf,Plat Committee,2012,2012 Plat Committee,CB214,16
binders\2013 Plat Committee.pdf,Plat Committee,2013,2013 Plat Committee Packets & Minutes,CB214,16
binders\2014 Plat Committee.pdf,Plat Committee,2014,2014 Plat Committee Packets & Minutes,CB214,16
binders\1994-01 to 1994-06 Plan Commission Packets.pdf,Plan Commission,1994,1994-01 Thru 1994-06 Plan Commission Packets,CB215,16
binders\1994 Plan Commission Minutes.pdf,Plan Commission,1994,1994 Plan Commission Minutes,CB215,16
binders\1994-06 to 1994-12 Plan Commission Packets.pdf,Plan Commission,1994,1994-06 Thru 1994-12 Plan Commission Packets,CB215,16
binders\1995 Plan Commission Minutes.pdf,Plan Commission,1995,1995 Plan Commission Minutes,CB215,16
binders\2015 Plan Commission Minutes.pdf,Plan Commission,2015,2015-02-09 Through 2015-12-07 Plan Commission Minutes,CB215,16
binders\1996-01 to 1996-04 Plan Commission Packets.pdf,Plan Commission,1996,1996-01 Thru 1996-04 Plan Commission Packets,CB216,16
binders\1996 Plan Commission Minutes.pdf,Plan Commission,1996,1996 Plan Commisson Minutes,CB216,16
binders\1995-05 to 1995-12 Plan Commission Packets.pdf,Plan Commission,1995,1995-05 Thru 1995-12 Plan Commission Packets,CB216,16
binders\1995-01 to 1995-04 Plan Commission Packets.pdf,Plan Commission,1995,1995-01 Thru 1995-04 Plan Commission Packets,CB216,16
binders\1996-05 to 1996-09-16 Plan Commission Packets.pdf,Plan Commission,1996,1996-05 Thru 1996-09-16 Plan Commission Packets,CB217,16
binders\1996-10 to 1996-12 Plan Commission Packets.pdf,Plan Commission,1996,1996-10 Thru 1996-12 Plan Commission Packets,CB217,16
binders\1997 Plan Commission.pdf,Plan Commission,1997,1997 Plan Commission Packets & Minutes,CB217,16
binders\1997-01 to 1997-04 Plan Commission Packets.pdf,Plan Commission,1997,1997-01 Thru 1997-04 Plan Commission Packets Book 1,CB217,16
binders\1997-05 to 1997-12 Plan Commission Packets.pdf,Plan Commission,1997,1997-05 Thru 1997-12 Plan Commission Packets Binder 2,CB218,16
binders\1998 Plan Commission Minutes.pdf,Plan Commission,1998,1998 Plan Commission Minutes,CB218,16
binders\1998-01 to 1998-05 Plan Commission Packets.pdf,Plan Commission,1998,1998-01 Thru 1998-05 Plan Commission Packets,CB218,16
binders\1998-06 to 1998-12 Plan Commission Packets.pdf,Plan Commission,1998,1998-06 Thru 1998-12 Plan Commission Packets,CB218,16
binders\1999 Plan Commission Minutes.pdf,Plan Commission,1999,1999 Plan Commission Minutes & Vote Sheets,CB218,16
binders\1999-01 to 1999-05 Plan Commission Packets.pdf,Plan Commission,1999,1999-01 Thru 1999-05 Plan Commission Packets,CB219,16
binders\1999-06 to 1999-12 Plan Commission Packets.pdf,Plan Commission,1999,1999-06 Thru 1999-12 Plan Commission Packets,CB219,16
binders\2000 Plan Commission Minutes.pdf,Plan Commission,2000,2000 Plan Commission Minutes & Vote Sheets,CB219,16
binders\2000-01 to 2000-06 Plan Commission Packets.pdf,Plan Commission,2000,2000-01 Thru 2000-06 Plan Commission Packets,CB219,16
binders\2000-07 to 2000-12 Plan Commission Packets.pdf,Plan Commission,2000,2000-07 Thru 2000-12 Plan Commission Packets,CB219,16
binders\2003 Plan Commission Packets.pdf,Plan Commission,2003,2003-01 Thru 2003-12 Plan Commission Packets,CB220,16
binders\2002 Plan Commission Packets.pdf,Plan Commission,2002,2002-01 Thru 2002-12 Plan Commission Packets,CB220,16
binders\2002 Plan Commission Minutes.pdf,Plan Commission,2002,2002 Plan Comission Minutes,CB220,16
binders\2001 Plan Commission Packets.pdf,Plan Commission,2001,2001-01 Thru 2001-12 Plan Commission Packets,CB220,16
binders\2001 Plan Commission Minutes.pdf,Plan Commission,2001,2001 Plan Commission Minutes And Vote Sheets,CB220,16
binders\2005 Plan Commission.pdf,Plan Commission,2005,2005 Plan Commission Packets & Minutes,CB221,16
binders\2006 Plan Commission.pdf,Plan Commission,2006,2006 Plan Commission Packets & Minutes,CB221,16
binders\2007 Plan Commission.pdf,Plan Commission,2007,2007 Plan Commission Packets & Minutes,CB221,16
binders\2008 Plan Commission.pdf,Plan Commission,2008,2008 Plan Commission Packets & Minutes,CB221,16
binders\2009 Plan Commission.pdf,Plan Commission,2009,2009 Plan Commission Packets & Minutes,CB221,16
binders\2010 Plan Commission.pdf,Plan Commission,2010,2010 Plan Commission Packets & Minutes,CB222,16
binders\2011 Plan Commission.pdf,Plan Commission,2011,2011 Plan Commission Packets & Minutes,CB222,16
binders\2012 Plan Commission.pdf,Plan Commission,2012,2012 Plan Commission Packets & Minutes,CB222,16
binders\2013 Plan Commission.pdf,Plan Commission,2013,2013 Plan Commission Packets & Minutes,CB222,16
binders\2014 Plan Commission.pdf,Plan Commission,2014,2014 Plan Commission Packets & Minutes,CB222,16
binders\1971 BZA.pdf,Board of Zoning Appeals,1971,1971 Board of Zoning Appeals,CB223,16
binders\1972 BZA.pdf,Board of Zoning Appeals,1972,1972 Board Of Zoning Appeals,CB223,16
binders\1973 BZA.pdf,Board of Zoning Appeals,1973,1973 Board of Zoning Appeals,CB223,16
binders\1974 BZA.pdf,Board of Zoning Appeals,1974,1974 Board of Zoning Appeals,CB223,16
binders\1975 BZA.pdf,Board of Zoning Appeals,1975,1975 Board Of Zoning Appeals,CB223,16
binders\1976 BZA.pdf,Board of Zoning Appeals,1976,1976 Board Of Zoning Appeals,CB223,16
binders\1977 BZA.pdf,Board of Zoning Appeals,1977,1977 Board Of Zoning Appeals,CB223,16
binders\1978-02 to 1978-06 BZA.pdf,Board of Zoning Appeals,1978,1978-02-09 Thru 1978-06-22 Board Of Zoning Appeals,CB224,16
binders\1978-07 to 1979-01 BZA.pdf,Board of Zoning Appeals,1978,1978-07-27 Thru 1979-01-04 Board Of Zoning Appeals,CB224,16
binders\1979 BZA.pdf,Board of Zoning Appeals,1979,1979 Board Of Zoning Appeals Packets,CB224,16
binders\1980 BZA.pdf,Board of Zoning Appeals,1980,1980 Packets BZA Black Book Agenda Minutes Voting Sheet Findings Forms Packet,CB224,16
binders\1973 Plan Commission.pdf,Plan Commission,1973,1973 Plan Commission Minutes,CB225,16
binders\1974 Plan Commission.pdf,Plan Commission,1974,1974 Plan Commission Minutes,CB225,16
binders\1975 Plan Commission Minutes.pdf,Plan Commission,1975,1975 Plan Commission Minutes Agendas Memos,CB225,16
binders\1975 Plan Commission Packets.pdf,Plan Commission,1975,1975 Plan Commission Packets,CB225,16
binders\1981 BZA.pdf,Board of Zoning Appeals,1981,1981 Board Of Zoning Appeals Packets,CB225,16
binders\1976 Plan Commission Minutes.pdf,Plan Commission,1976,1976 Plan Commission Minutes Agendas Memos,CB226,16
binders\1976 Plan Commission Packets I.pdf,Plan Commission,1976,1976 Plan Commission Packets I,CB226,16
binders\1976 Plan Commission Packets II.pdf,Plan Commission,1976,1976 Plan Commission Packets II,CB226,16
binders\1976 Plan Commission Packets III.pdf,Plan Commission,1976,1976 Plan Commission,CB226,16
binders\1977 Plan Commission Minutes.pdf,Plan Commission,1977,1977 Plan Commission Minutes Agendas Memos,CB226,16
binders\1977 Plan Commission Packets.pdf,Plan Commission,1977,1977 Plan Commission Packets I,CB227,16
binders\1978 Plan Commission Minutes.pdf,Plan Commission,1978,1978 Plan Commission Minutes Agendas Memos,CB227,16
binders\1978-01 to 1978-05 Plan Commission Packets.pdf,Plan Commission,1978,1978-01-09 Thru 1978-05-08 Plan Commission,CB227,16
binders\1978-05 to 1978-12 Plan Commission Packets.pdf,Plan Commission,1978,1978-05-22 Through End Of Year Plan Commission,CB227,16
binders\1980 Plan Commission Minutes.pdf,Plan Commission,1980,1980 Plan Commission Agendas And Minutes,CB228,16
binders\1980 Plan Commission Packets.pdf,Plan Commission,1980,1980 Plan Commission Packets Vol. I,CB228,16
binders\1979 Plan Commission Minutes.pdf,Plan Commission,1979,1979 Plan Commission Minutes,CB228,16
binders\1979 Plan Commission Packets.pdf,Plan Commission,1979,1979 Plan Commission Packets,CB228,16
binders\1982-09 to 1982-12 Plan Commission Packets.pdf,Plan Commission,1982,1982-09-20 Thru 1982-12-13 Plan Commission Packets,CB229,16
binders\1981 Plan Commission Minutes.pdf,Plan Commission,1981,1981 Plan Commission Agendas & Minutes,CB229,16
binders\1981-08 to 1981-12 Plan Commission Packets.pdf,Plan Commission,1981,1981 August Thru December Plan Commission Packets,CB229,16
binders\1981-01 to 1981-07 Plan Commission Packets.pdf,Plan Commission,1981,1981 Plan Commission Packets January Through July,CB229,16
binders\1982-01 to 1982-08 Plan Commission Packets.pdf,Plan Commission,1982,1982 Plan Commission Packets,CB230,16
binders\1982 Plan Commission Minutes.pdf,Plan Commission,1982,1982 Plan Commission Minutes And Agenda,CB230,16
binders\1983 Plan Commission Minutes.pdf,Plan Commission,1983,1983 Plan Commission Agendas Minutes,CB230,16
binders\1983-01 to 1983-06 Plan Commission Packets.pdf,Plan Commission,1983,1983-01 Thru 1983-06 Plan Commission Packets,CB230,16
binders\1983-07 to 1983-12 Plan Commission Packets.pdf,Plan Commission,1983,1983-07 Thru 1973-12 Plan Commission Packets,CB231,16
binders\1984 Plan Commission Minutes.pdf,Plan Commission,1984,1984 Plan Commission Minutes & Agendas,CB231,16
binders\1984-01 to 1984-06 Plan Commission Packets.pdf,Plan Commission,1984,1984-01-09 Through 1984-06-11 Plan Commission Full Packets,CB231,16
binders\1984-07 to 1984-12 Plan Commission Packets.pdf,Plan Commission,1984,1984-06-25 Through 1984-12-10 Plan Commission Full Packets,CB231,16
binders\1985 Plan Commission Minutes.pdf,Plan Commission,1985,1985 Plan Commission Minutes And Agendas,CB232,16
binders\1985-01 to 1985-06 Plan Commission Packets.pdf,Plan Commission,1985,1985-01 Thru 1985-06 Plan Commission,CB232,16
binders\1985-06 to 1985-12 Plan Commission Packets.pdf,Plan Commission,1985,1985-06 Thru 1985-12 Plan Commission,CB232,16
binders\1986-01 to 1986-07 Plan Commission Packets.pdf,Plan Commission,1986,1986 Plan Commission Packets,CB232,16
binders\1986-01 to 1986-07 Plan Commission Packets.pdf,Plan Commission,1986,1986-01 Thru 1986-12 Plan Commission Minutes & Agendas,CB233,16
binders\1986-07 to 1986-12 Plan Commission Packets.pdf,Plan Commission,1986,1986-07 Thru 1986-12 Plan Commission Meeting Packet,CB233,16
binders\1987 Plan Commission Minutes.pdf,Plan Commission,1987,1987 Plan Commission Minutes Agendas & Vote Sheets,CB233,16
binders\1987-01 to 1987-06 Plan Commission Packets.pdf,Plan Commission,1987,1987-07 Through 1987-12 Plan Commission Meeting Packets,CB233,16
binders\1987-07 to 1987-12 Plan Commission Packets.pdf,Plan Commission,1987,1987 Plan Commission,CB233,16
binders\1988 Plan Commission Minutes.pdf,Plan Commission,1988,1988 Plan Commission Minutes-Agendas,CB234,16
binders\1988-01 to 1988-06 Plan Commission Packets.pdf,Plan Commission,1988,1988 Plan Comission,CB234,16
binders\1988-07 to 1988-12 Plan Commission Packets.pdf,Plan Commission,1988,1988-07 Thru 1988-12 Plan Commission,CB234,16
binders\1989 Plan Commission Minutes.pdf,Plan Commission,1989,1989 Plan Commission Minutes-Agendas,CB234,16
binders\1989 Plan Commission Packets.pdf,Plan Commission,1989,1989 Plan Commission Packets,CB234,16
binders\1991 Plan Commission Minutes.pdf,Plan Commission,1991,1991 Plan Commission Minutes,CB235,16
binders\1990-07 to 1990-12 Plan Commission Packets.pdf,Plan Commission,1990,1990-07 Thru 1990-12 Plan Commission Packets,CB235,16
binders\1990-01 to 1990-06 Plan Commission Packets.pdf,Plan Commission,1990,1990-01 Thru 1990-06 Plan Commission Packets,CB235,16
binders\1990 Plan Commission Minutes.pdf,Plan Commission,1990,1990 Plan Commission Minutes & Agendas,CB235,16
binders\1992-01 to 1992-06 Plan Commission Packets.pdf,Plan Commission,1992,1992-01 Thru 1992-06 Plan Commission Packets,CB236,16
binders\1992 Plan Commission Minutes.pdf,Plan Commission,1992,1992 Plan Commission Minutes,CB236,16
binders\1991-08 to 1991-12 Plan Commission Packets.pdf,Plan Commission,1991,1991-08 Thru 1991-12 Plan Commission Packets,CB236,16
binders\1991-01 to 1991-07 Plan Commission Packets.pdf,Plan Commission,1991,1991 Plan Commission Packets,CB236,16
binders\1992-07 to 1992-12 Plan Commission Packets.pdf,Plan Commission,1992,1992-07 Thru 1992-12 Plan Commission Packets,CB237,16
binders\1993 Plan Commission Minutes.pdf,Plan Commission,1993,1993 Plan Commission Minutes,CB237,16
binders\1993-01 to 1993-04 Plan Commission Packets.pdf,Plan Commission,1993,1993-01 Thru 1993-04 Plan Commission Packets,CB237,16
binders\1993-05 to 1993-12 Plan Commission Packets.pdf,Plan Commission,1993,1993-05 Thru 1993-12 Plan Commission Packets,CB237,16
binders\1994-09 to 1994-12 Plat Committee.pdf,Plat Committee,1994,1994-09 Thru 1994-12 Plat Committee,CB237,16
binders\1992 Correspondence.pdf,Plan Commission,1992,1992 Correspondence,CB238,16
binders\1996 Correspondence.pdf,Bicycle and Pedestrian Safety Commission,1996,1996 Misc,CB238,16
binders\1991 Master Plan.pdf,Plan Commission,1991,Blgtn Master Plan Info,CB238,16
binders\1997 BPSC.pdf,Bicycle and Pedestrian Safety Commission,1997,1997 BPSC,CB238,16
binders\2001 BPSC.pdf,Bicycle and Pedestrian Safety Commission,2001,2001 BPSC,CB238,16
binders\2005 BPSC.pdf,Bicycle and Pedestrian Safety Commission,2005,2005 BPSC,CB238,16
binders\2006 BPSC.pdf,Bicycle and Pedestrian Safety Commission,2006,2006 BPSC,CB238,16
binders\2007 BPSC.pdf,Bicycle and Pedestrian Safety Commission,2007,2007 BPSC,CB238,16
binders\2008 BPSC.pdf,Bicycle and Pedestrian Safety Commission,2008,2008 BPSC,CB238,16
binders\1999 BPSC.pdf,Bicycle and Pedestrian Safety Commission,1999,1999 BPSC,CB238,16
binders\2000 BPSC.pdf,Bicycle and Pedestrian Safety Commission,2000,2000 Bike & Ped Commission,CB238,16
binders\2002 BPSC.pdf,Bicycle and Pedestrian Safety Commission,2002,2002 BPSC,CB238,16
binders\2003 BPSC.pdf,Bicycle and Pedestrian Safety Commission,2003,2003 BPSC,CB238,16
binders\1998 BPSC.pdf,Bicycle and Pedestrian Safety Commission,1998,1998 BPSC,CB238,16
binders\1982 BZA.pdf,Board of Zoning Appeals,1982,1982 Board Of Zoning Appeals Packets Including Minutes,CB239,16
binders\1983 BZA.pdf,Board of Zoning Appeals,1983,1983 Board Of Zoning Appeals Packets Including Minutes,CB239,16
binders\1984-01 to 1984-06 BZA.pdf,Board of Zoning Appeals,1984,1984-01 Thru 1984-06 Board Of Zoning Appeals Packets Minutes & Agendas,CB239,16
binders\1984-07 to 1984-12 BZA.pdf,Board of Zoning Appeals,1984,1984-07 Thru 1984-12 BZA Packets,CB239,16
binders\1985 BZA.pdf,Board of Zoning Appeals,1985,1985 BZA Meeting Packets & Minutes,CB239,16
binders\1986 BZA.pdf,Board of Zoning Appeals,1986,1986 BZA Meeting Packets & Minutes,CB240,16
binders\1987 BZA.pdf,Board of Zoning Appeals,1987,1987 BZA Meeting Packets & Minutes,CB240,16
binders\1988-01 to 1988-06 BZA.pdf,Board of Zoning Appeals,1988,1988-01 Thru 1988-06 BZA Meeting Packets & Minutes,CB240,16
binders\1988-07 to 1988-12 BZA.pdf,Board of Zoning Appeals,1988,1988-07 Thru 1988-12 BZA Meeting Packets & Minutes,CB240,16
binders\1989 BZA.pdf,Board of Zoning Appeals,1989,1989 BZA Meeting Packets & Minutes,CB241,16
binders\1991 BZA.pdf,Board of Zoning Appeals,1991,1991 Board Of Zoning Appeals Packets & Minutes,CB241,16
binders\1990 BZA.pdf,Board of Zoning Appeals,1990,1990 BZA Meeting Packets & Minutes,CB241,16
binders\1992-01 to 1992-06 BZA.pdf,Board of Zoning Appeals,1992,1992-01 Thru 1992-06 Board Of Zoning Appeals Meeting Packets & Agendas,CB241,16
binders\1992-07 to 1992-12 BZA.pdf,Board of Zoning Appeals,1992,1992-07 Thru 1992-12 Board of Zoning Appeals,CB242,16
binders\1993-01 to 1993-06 BZA.pdf,Board of Zoning Appeals,1993,1993-01 Thru 1993-06 Board Of Zoning Appeals Meeting Packets & Agendas,CB242,16
binders\1993-07 to 1993-12 BZA.pdf,Board of Zoning Appeals,1993,1993-07 Thru 1993-12 Board Of Zoning Appeals Meeting Packets & Agendas,CB242,16
binders\1994-01 to 1994-06 BZA.pdf,Board of Zoning Appeals,1994,1994-01 Thru 1994-06 Board Of Zoning Appeals Meeting Packets & Agendas,CB242,16
binders\1994-07 to 1994-12 BZA.pdf,Board of Zoning Appeals,1994,1994-07 Thru 1994-12 Board Of Zoning Appeals Meeting Packets & Agendas,CB243,16
binders\1995-07 to 1995-12 BZA.pdf,Board of Zoning Appeals,1995,1995-07 Thru 1995-12 BZA Meeting Packets & Minutes,CB243,16
